{
  "$schema": "./node_modules/@angular/cli/lib/config/schema.json",
  "project": {
    "name": "Delivery Solutions"
  },
  "apps": [
    {
      "root": "app",
      "outDir": "dist",
      "assets": [
        "assets"
      ],
      "index": "../index.html",
      "main": "main.ts",
      "test": "test.ts",
      "tsconfig": "../tsconfig.json",
      "testTsconfig": "tsconfig.spec.json",
      "prefix": "app",
      "styles": [
      ],
      "scripts": [
      ]
    }
  ],
  "e2e": {
    "protractor": {
      "config": "./protractor.conf.js"
    }
  },
  "lint": [
    {
      "project": "src/tsconfig.app.json"
    },
    {
      "project": "src/tsconfig.spec.json"
    },
    {
      "project": "e2e/tsconfig.e2e.json"
    }
  ],
  "test": {
    "karma": {
      "config": "./karma.conf.js"
    }
  },
  "defaults": {
    "styleExt": "css",
    "component": {}
  }
}
